{
  "type": "PENALTY",
  "kickoff": "red",
  "class": "KID",
  "host": "127.0.0.1",
  "minimum_real_time_factor": 0,
  "side_left": "blue",
  "press_a_key_to_terminate": true,
  "use_bouncing_server": false,
  "red": {
    "id": 8,
    "config": "team_1.json",
    "hosts": [
      "127.0.0.1",
      "172.17.0.2",
      "192.168.123.22",
      "192.168.123.23",
      "192.168.123.24"
    ],
    "ports": [
      10001,
      10002,
      10003,
      10004
    ]
  },
  "blue": {
    "id": 25,
    "config": "team_2.json",
    "hosts": [
      "127.0.0.1",
      "192.168.123.41",
      "192.168.123.42",
      "192.168.123.43",
      "192.168.123.44"
    ],
    "ports": [
      10021,
      10022,
      10023,
      10024
    ]
  }
}
