{
    "robot_name" : "blue player 1",
    "upright" : {
    "Neck": 0.000,
    "ShoulderL": 0.000,
    "ArmUpperL": 0.000,
    "ArmLowerL": 0.000,
    "ShoulderR": 0.000,
    "ArmUpperR": 0.000,
    "ArmLowerR": 0.000,
    "PelvYL": 0.000,
    "PelvL": 0.000,
    "LegUpperL": 0.000,
    "LegLowerL": 0.000,
    "AnkleL": 0.000,
    "FootL": 0.000,
    "PelvYR": 0.000,
    "PelvR": 0.000,
    "LegUpperR": 0.000,
    "LegLowerR": 0.000,
    "AnkleR": 0.000,
    "FootR": 0.000
    },
    "extension": {
    "Neck": 0.000,
    "ShoulderL": 0.000,
    "ArmUpperL": -2.434,
    "ArmLowerL": 0.000,
    "ShoulderR": 0.000,
    "ArmUpperR": 2.434,
    "ArmLowerR": 0.000,
    "PelvYL": 0.000,
    "PelvL": -0.630,
    "LegUpperL": 0.000,
    "LegLowerL": 0.000,
    "AnkleL": 0.453,
    "FootL": 0.000,
    "PelvYR": 0.000,
    "PelvR": 0.623,
    "LegUpperR": 0.000,
    "LegLowerR": 0.000,
    "AnkleR": 0.453,
    "FootR": 0.000
    }
}