{
    "name": "RoboFEI",
    "players": {
        "1": {
            "robotModelName": "Prometheus",
            "dockerImg": "RoboFEI-control",
            "dockerCmd": "robofei-image",
            "halfTimeStartingPose": {
                "translation": [-4, 0, 0.45],
                "rotation": [0, 0, 1, 1.57]
            },
            "reentryStartingPose": {
                "translation": [-3, -3.13, 0.45],
                "rotation": [0, 0, -1, -3.14]
            },
            "shootoutStartingPose": {
                "translation": [2, 0, 0.45],
                "rotation": [0, 0, 1, 1.57]
            }
        },
        "2": {
            "robotModelName": "Prometheus",
            "dockerImg": "RoboFEI-control",
            "dockerCmd": "robofei-image",
            "halfTimeStartingPose": {
                "translation": [-2.5, 0, 0.45],
                "rotation": [0, 0, 1, 1.57]
            },
            "reentryStartingPose": {
                "translation": [-3, -3.13, 0.45],
                "rotation": [0, 0, -1, -3.14]
            },
            "shootoutStartingPose": {
                "translation": [2, 0, 0.45],
                "rotation": [0, 0, 1, 1.57]
            }
        },
        "3": {
            "robotModelName": "Prometheus",
            "dockerImg": "RoboFEI-control",
            "dockerCmd": "robofei-image",
            "halfTimeStartingPose": {
                "translation": [-0.8, -0.5, 0.45],
                "rotation": [0, 0, 1, 1.57]
            },
            "reentryStartingPose": {
                "translation": [-3, -3.13, 0.45],
                "rotation": [0, 0, -1, -3.14]
            },
            "shootoutStartingPose": {
                "translation": [2, 0, 0.45],
                "rotation": [0, 0, 1, 1.57]
            }
        },
        "4": {
            "robotModelName": "Prometheus",
            "dockerImg": "RoboFEI-control",
            "dockerCmd": "robofei-image",
            "halfTimeStartingPose": {
                "translation": [-0.8, 0.5, 0.45],
                "rotation": [0, 0, 1, 1.57]
            },
            "reentryStartingPose": {
                "translation": [-3, -3.13, 0.45],
                "rotation": [0, 0, -1, -3.14]
            },
            "shootoutStartingPose": {
                "translation": [2, 0, 0.45],
                "rotation": [0, 0, 1, 1.57]
            }
        }
    }
}