{
    "robot_name" : "blue player 1",
    "upright" : {
        "Neck [head]":                  0.000,
        "LeftShoulderRoll [shoulder]":  0.000,
        "LeftArmPitch [arm]":           0.000,
        "LeftElbowPitch [arm]":         0.000,
        "RightShoulderRoll [shoulder]": 0.000,
        "RightArmPitch [arm]":          0.000,
        "RightElbowPitch [arm]":        0.000,
        "LeftHipYaw [hip]":             0.000,
        "LeftHipRoll [hip]":            0.000,
        "LeftLegPitch [leg]":           0.000,
        "LeftKnee [leg]":               0.000,
        "LeftFootPitch [foot]":         0.000,
        "LeftFootRoll [foot]":          0.000,
        "RightHipYaw [hip]":            0.000,
        "RightHipRoll [hip]":           0.000,
        "RightLegPitch [leg]":          0.000,
        "RightKnee [leg]":              0.000,
        "RightFootPitch [foot]":        0.000,
        "RightFootRoll [foot]":         0.000
    },
    "extension": {
        "Neck [head]":                  0.000,
        "LeftShoulderRoll [shoulder]":  0.000,
        "LeftArmPitch [arm]":           -2.434,
        "LeftElbowPitch [arm]":         0.000,
        "RightShoulderRoll [shoulder]": 0.000,
        "RightArmPitch [arm]":          2.434,
        "RightElbowPitch [arm]":        0.000,
        "LeftHipYaw [hip]":             0.000,
        "LeftHipRoll [hip]":            -0.630,
        "LeftLegPitch [leg]":           0.000,
        "LeftKnee [leg]":               0.000,
        "LeftFootPitch [foot]":         0.453,
        "LeftFootRoll [foot]":          0.000,
        "RightHipYaw [hip]":            0.000,
        "RightHipRoll [hip]":           0.623,
        "RightLegPitch [leg]":          0.000,
        "RightKnee [leg]":              0.000,
        "RightFootPitch [foot]":        0.453,
        "RightFootRoll [foot]":         0.000
    }
}